<?xml version="1.0" encoding="UTF-8"?>
<map>
   <appContext helpID="topic_mgn_sgy_3jb" path="summary.html"/>
   <appContext helpID="topic_n2h_mjy_3jb" path="experience.html"/>
   <appContext helpID="topic_dst_pjy_3jb" path="FICO.html"/>
   <appContext helpID="marathon_ts" path="marathon_ts.html"/>
   <appContext helpID="topic_nlj_h4y_3jb" path="bmpc.html"/>
   <appContext helpID="topic_qcn_24y_3jb" path="fiu.html"/>
   <appContext helpID="topic_w34_sjy_3jb" path="education.html"/>
   <appContext helpID="syracuse_university" path="syracuse_university.html"/>
   <appContext helpID="suny_cortland" path="suny_cortland.html"/>
   <appContext helpID="topic_ems_zjy_3jb" path="technical_skillz.html"/>
   <appContext helpID="topic_a41_ghz_3jb" path="contact.html"/>
</map>
