<?xml version="1.0" encoding="UTF-8"?><toc xmlns:toc="http://www.oxygenxml.com/ns/webhelp/toc" xmlns="http://www.oxygenxml.com/ns/webhelp/toc" xmlns:xhtml="http://www.w3.org/1999/xhtml"><title><span xmlns="http://www.w3.org/1999/xhtml" class="title">Philip Bolton Jr's Resume</span></title><topic href="summary.html" data-id="topic_mgn_sgy_3jb" wh-toc-id="topic_mgn_sgy_3jb-d62e11"><title>Summary</title><topicmeta><resourceid class="- topic/resourceid " oxy-source="topic" appid="topic_mgn_sgy_3jb"></resourceid><navtitle class="- topic/navtitle ">Summary</navtitle><?ditaot gentext?><linktext class="- map/linktext ">Summary</linktext></topicmeta></topic><topic href="experience.html" data-id="topic_n2h_mjy_3jb" wh-toc-id="topic_n2h_mjy_3jb-d62e20"><title>Experience</title><topicmeta><resourceid class="- topic/resourceid " oxy-source="topic" appid="topic_n2h_mjy_3jb"></resourceid><navtitle class="- topic/navtitle ">Experience</navtitle><?ditaot gentext?><linktext class="- map/linktext ">Experience</linktext></topicmeta><topic href="FICO.html" data-id="topic_dst_pjy_3jb" wh-toc-id="topic_dst_pjy_3jb-d62e28"><title>FICO </title><topicmeta><resourceid class="- topic/resourceid " oxy-source="topic" appid="topic_dst_pjy_3jb"></resourceid><navtitle class="- topic/navtitle ">FICO </navtitle><?ditaot gentext?><linktext class="- map/linktext ">FICO</linktext></topicmeta></topic><topic href="marathon_ts.html" data-id="marathon_ts" wh-toc-id="marathon_ts-d62e36"><title>Marathon TS</title><topicmeta><resourceid class="- topic/resourceid " oxy-source="topic" appid="marathon_ts"></resourceid><navtitle class="- topic/navtitle ">Marathon TS</navtitle><?ditaot gentext?><linktext class="- map/linktext ">Marathon TS</linktext></topicmeta></topic><topic href="bmpc.html" data-id="topic_nlj_h4y_3jb" wh-toc-id="topic_nlj_h4y_3jb-d62e44"><title>Bechtel Marine Propulsion Corporation (BMPC)</title><topicmeta><resourceid class="- topic/resourceid " oxy-source="topic" appid="topic_nlj_h4y_3jb"></resourceid><navtitle class="- topic/navtitle ">Bechtel Marine Propulsion Corporation (BMPC)</navtitle><?ditaot gentext?><linktext class="- map/linktext ">Bechtel Marine Propulsion Corporation (BMPC)</linktext></topicmeta></topic><topic href="fiu.html" data-id="topic_qcn_24y_3jb" wh-toc-id="topic_qcn_24y_3jb-d62e52"><title>Florida International University (FIU)</title><topicmeta><resourceid class="- topic/resourceid " oxy-source="topic" appid="topic_qcn_24y_3jb"></resourceid><navtitle class="- topic/navtitle ">Florida International University (FIU)</navtitle><?ditaot gentext?><linktext class="- map/linktext ">Florida International University (FIU)</linktext></topicmeta></topic></topic><topic href="education.html" data-id="topic_w34_sjy_3jb" wh-toc-id="topic_w34_sjy_3jb-d62e61"><title>Education</title><topicmeta><resourceid class="- topic/resourceid " oxy-source="topic" appid="topic_w34_sjy_3jb"></resourceid><navtitle class="- topic/navtitle ">Education</navtitle><?ditaot gentext?><linktext class="- map/linktext ">Education</linktext></topicmeta><topic href="syracuse_university.html" data-id="syracuse_university" wh-toc-id="syracuse_university-d62e69"><title>Syracuse University</title><topicmeta><resourceid class="- topic/resourceid " oxy-source="topic" appid="syracuse_university"></resourceid><navtitle class="- topic/navtitle ">Syracuse University</navtitle><?ditaot gentext?><linktext class="- map/linktext ">Syracuse University</linktext></topicmeta></topic><topic href="suny_cortland.html" data-id="suny_cortland" wh-toc-id="suny_cortland-d62e77"><title>State University of New York College at Cortland</title><topicmeta><resourceid class="- topic/resourceid " oxy-source="topic" appid="suny_cortland"></resourceid><navtitle class="- topic/navtitle ">State University of New York College at Cortland</navtitle><?ditaot gentext?><linktext class="- map/linktext ">State University of New York College at Cortland</linktext></topicmeta></topic></topic><topic href="technical_skillz.html" data-id="topic_ems_zjy_3jb" wh-toc-id="topic_ems_zjy_3jb-d62e86"><title>Technical Skills</title><topicmeta><resourceid class="- topic/resourceid " oxy-source="topic" appid="topic_ems_zjy_3jb"></resourceid><navtitle class="- topic/navtitle ">Technical Skills</navtitle><?ditaot gentext?><linktext class="- map/linktext ">Technical Skills</linktext></topicmeta></topic><topic href="contact.html" data-id="topic_a41_ghz_3jb" wh-toc-id="topic_a41_ghz_3jb-d62e96"><title>Contact</title><topicmeta><resourceid class="- topic/resourceid " oxy-source="topic" appid="topic_a41_ghz_3jb"></resourceid><navtitle class="- topic/navtitle ">Contact</navtitle><?ditaot gentext?><linktext class="- map/linktext ">Contact</linktext></topicmeta></topic></toc>