<?xml version="1.0" encoding="UTF-8"?><toc xmlns:toc="http://www.oxygenxml.com/ns/webhelp/toc" xmlns="http://www.oxygenxml.com/ns/webhelp/toc" xmlns:xhtml="http://www.w3.org/1999/xhtml"><title><span xmlns="http://www.w3.org/1999/xhtml" class="title"><span class="ph">Philip Bolton Jr's</span>  <span class="ph">Resume</span> and Portfolio</span></title><topic href="pbjs_resume_and_portfolio.html" data-id="pbjs_resume_and_portfolio" wh-toc-id="pbjs_resume_and_portfolio-d62e16"><title>About this <span xmlns="http://www.w3.org/1999/xhtml" class="ph">Resume</span> and Portfolio</title><topicmeta><resourceid class="- topic/resourceid " oxy-source="topic" appid="pbjs_resume_and_portfolio"></resourceid><navtitle class="- topic/navtitle ">About this <ph class="- topic/ph ">Resume</ph> and Portfolio</navtitle><?ditaot gentext?><linktext class="- map/linktext ">About this Resume and Portfolio</linktext></topicmeta></topic><topic href="pbjs_resume.html" data-id="pbjs_resume" wh-toc-id="pbjs_resume-d62e28"><title><span xmlns="http://www.w3.org/1999/xhtml" class="ph">Resume</span></title><topicmeta><resourceid class="- topic/resourceid " oxy-source="topic" appid="pbjs_resume"></resourceid><navtitle class="- topic/navtitle "><ph class="- topic/ph ">Resume</ph></navtitle><?ditaot gentext?><linktext class="- map/linktext ">Resume</linktext></topicmeta><topic href="summary.html" data-id="topic_mgn_sgy_3jb" wh-toc-id="topic_mgn_sgy_3jb-d62e37"><title>Summary</title><topicmeta><resourceid class="- topic/resourceid " oxy-source="topic" appid="topic_mgn_sgy_3jb"></resourceid><navtitle class="- topic/navtitle ">Summary</navtitle><?ditaot gentext?><linktext class="- map/linktext ">Summary</linktext></topicmeta></topic><topic href="experience.html" data-id="topic_n2h_mjy_3jb" wh-toc-id="topic_n2h_mjy_3jb-d62e45"><title>Experience</title><topicmeta><resourceid class="- topic/resourceid " oxy-source="topic" appid="topic_n2h_mjy_3jb"></resourceid><navtitle class="- topic/navtitle ">Experience</navtitle><?ditaot gentext?><linktext class="- map/linktext ">Experience</linktext></topicmeta><topic href="FICO.html" data-id="topic_dst_pjy_3jb" wh-toc-id="topic_dst_pjy_3jb-d62e53"><title>FICO®  </title><topicmeta><resourceid class="- topic/resourceid " oxy-source="topic" appid="topic_dst_pjy_3jb"></resourceid><navtitle class="- topic/navtitle "><tm tmtype="reg" class="- topic/tm ">FICO</tm>  </navtitle><?ditaot gentext?><linktext class="- map/linktext ">FICO</linktext></topicmeta></topic><topic href="marathon_ts.html" data-id="marathon_ts" wh-toc-id="marathon_ts-d62e63"><title>Marathon TS</title><topicmeta><resourceid class="- topic/resourceid " oxy-source="topic" appid="marathon_ts"></resourceid><navtitle class="- topic/navtitle ">Marathon TS</navtitle><?ditaot gentext?><linktext class="- map/linktext ">Marathon TS</linktext></topicmeta></topic><topic href="bmpc.html" data-id="topic_nlj_h4y_3jb" wh-toc-id="topic_nlj_h4y_3jb-d62e71"><title>Bechtel Marine Propulsion Corporation (BMPC)</title><topicmeta><resourceid class="- topic/resourceid " oxy-source="topic" appid="topic_nlj_h4y_3jb"></resourceid><navtitle class="- topic/navtitle ">Bechtel Marine Propulsion Corporation (BMPC)</navtitle><?ditaot gentext?><linktext class="- map/linktext ">Bechtel Marine Propulsion Corporation (BMPC)</linktext></topicmeta></topic><topic href="fiu.html" data-id="topic_qcn_24y_3jb" wh-toc-id="topic_qcn_24y_3jb-d62e79"><title>Florida International University (FIU)</title><topicmeta><resourceid class="- topic/resourceid " oxy-source="topic" appid="topic_qcn_24y_3jb"></resourceid><navtitle class="- topic/navtitle ">Florida International University (FIU)</navtitle><?ditaot gentext?><linktext class="- map/linktext ">Florida International University (FIU)</linktext></topicmeta></topic></topic><topic href="education.html" data-id="topic_w34_sjy_3jb" wh-toc-id="topic_w34_sjy_3jb-d62e87"><title>Education</title><topicmeta><resourceid class="- topic/resourceid " oxy-source="topic" appid="topic_w34_sjy_3jb"></resourceid><navtitle class="- topic/navtitle ">Education</navtitle><?ditaot gentext?><linktext class="- map/linktext ">Education</linktext></topicmeta><topic href="syracuse_university.html" data-id="syracuse_university" wh-toc-id="syracuse_university-d62e95"><title>Syracuse University</title><topicmeta><resourceid class="- topic/resourceid " oxy-source="topic" appid="syracuse_university"></resourceid><navtitle class="- topic/navtitle ">Syracuse University</navtitle><?ditaot gentext?><linktext class="- map/linktext ">Syracuse University</linktext></topicmeta></topic><topic href="suny_cortland.html" data-id="suny_cortland" wh-toc-id="suny_cortland-d62e103"><title>State University of New York College at Cortland</title><topicmeta><resourceid class="- topic/resourceid " oxy-source="topic" appid="suny_cortland"></resourceid><navtitle class="- topic/navtitle ">State University of New York College at Cortland</navtitle><?ditaot gentext?><linktext class="- map/linktext ">State University of New York College at Cortland</linktext></topicmeta></topic></topic><topic href="technical_skillz.html" data-id="topic_ems_zjy_3jb" wh-toc-id="topic_ems_zjy_3jb-d62e111"><title>Technical Skills</title><topicmeta><resourceid class="- topic/resourceid " oxy-source="topic" appid="topic_ems_zjy_3jb"></resourceid><navtitle class="- topic/navtitle ">Technical Skills</navtitle><?ditaot gentext?><linktext class="- map/linktext ">Technical Skills</linktext></topicmeta></topic><topic href="contact.html" data-id="topic_a41_ghz_3jb" wh-toc-id="topic_a41_ghz_3jb-d62e119"><title>Contact</title><topicmeta><resourceid class="- topic/resourceid " oxy-source="topic" appid="topic_a41_ghz_3jb"></resourceid><navtitle class="- topic/navtitle ">Contact</navtitle><?ditaot gentext?><linktext class="- map/linktext ">Contact</linktext></topicmeta></topic></topic><topic href="pbjs_portfolio.html" data-id="topic_mvk_jgg_jjb" wh-toc-id="topic_mvk_jgg_jjb-d62e128"><title>Portfolio</title><topicmeta><resourceid class="- topic/resourceid " oxy-source="topic" appid="topic_mvk_jgg_jjb"></resourceid><navtitle class="- topic/navtitle ">Portfolio</navtitle><?ditaot gentext?><linktext class="- map/linktext ">Portfolio</linktext></topicmeta><topic href="word_templates.html" data-id="word_templates" wh-toc-id="word_templates-d62e136"><title>Word Templates</title><topicmeta><resourceid class="- topic/resourceid " oxy-source="topic" appid="word_templates"></resourceid><navtitle class="- topic/navtitle ">Word Templates</navtitle><?ditaot gentext?><linktext class="- map/linktext ">Word Templates</linktext></topicmeta></topic><topic href="how-to.html" data-id="topic_agv_y4j_jjb" wh-toc-id="topic_agv_y4j_jjb-d62e144"><title>How-to...</title><topicmeta><resourceid class="- topic/resourceid " oxy-source="topic" appid="topic_agv_y4j_jjb"></resourceid><navtitle class="- topic/navtitle ">How-to...</navtitle><?ditaot gentext?><linktext class="- map/linktext ">How-to...</linktext></topicmeta><topic href="how_to_use_this_template.html" data-id="how_to_use_this_template" wh-toc-id="how_to_use_this_template-d62e152"><title>use this template</title><shortdesc><p xmlns="http://www.w3.org/1999/xhtml" class="shortdesc">This procedure shows template users how to use the Microsoft Word template, shown in             <a class="xref" href="word_templates.html">word_templates.html</a> with <u class="ph u">Word for Mac</u>. </p></shortdesc><topicmeta><resourceid class="- topic/resourceid " oxy-source="topic" appid="how_to_use_this_template"></resourceid><navtitle class="- topic/navtitle ">use this template</navtitle><?ditaot gentext?><linktext class="- map/linktext ">use this template</linktext><?ditaot genshortdesc?><shortdesc class="- map/shortdesc ">This procedure shows template users how to use the Microsoft Word template, shown in             <xref href="word_templates.dita" class="- topic/xref "></xref> with <u class="+ topic/ph hi-d/u ">Word for Mac</u>. </shortdesc></topicmeta></topic><topic href="how_to_build_this_website.html" data-id="task_s11_55k_jjb" wh-toc-id="task_s11_55k_jjb-d62e168"><title>build and deploy this website</title><shortdesc><p xmlns="http://www.w3.org/1999/xhtml" class="shortdesc">This procedure steps through the process that was undertaken to build and deploy this         website <u class="ph u">on a Mac</u>.</p></shortdesc><topicmeta><resourceid class="- topic/resourceid " oxy-source="topic" appid="task_s11_55k_jjb"></resourceid><navtitle class="- topic/navtitle ">build and deploy this website</navtitle><?ditaot gentext?><linktext class="- map/linktext ">build and deploy this website</linktext><?ditaot genshortdesc?><shortdesc class="- map/shortdesc ">This procedure steps through the process that was undertaken to build and deploy this         website <u class="+ topic/ph hi-d/u ">on a Mac</u>.</shortdesc></topicmeta><topic href="troubleshooting.html" data-id="troubleshooting" wh-toc-id="troubleshooting-d62e182"><title>Troubleshoot the building of this website</title><topicmeta><resourceid class="- topic/resourceid " oxy-source="topic" appid="troubleshooting"></resourceid><navtitle class="- topic/navtitle ">Troubleshoot the building of this website</navtitle><?ditaot gentext?><linktext class="- map/linktext ">Troubleshoot the building of this website</linktext></topicmeta></topic></topic></topic><topic href="video_instructions.html" data-id="video_instructions" wh-toc-id="video_instructions-d62e190"><title>Video Instructions</title><topicmeta><resourceid class="- topic/resourceid " oxy-source="topic" appid="video_instructions"></resourceid><navtitle class="- topic/navtitle ">Video Instructions</navtitle><?ditaot gentext?><linktext class="- map/linktext ">Video Instructions</linktext></topicmeta></topic><topic href="editing_samples.html" data-id="editing_samples" wh-toc-id="editing_samples-d62e198"><title>Editing Samples</title><topicmeta><resourceid class="- topic/resourceid " oxy-source="topic" appid="editing_samples"></resourceid><navtitle class="- topic/navtitle ">Editing Samples</navtitle><?ditaot gentext?><linktext class="- map/linktext ">Editing Samples</linktext></topicmeta></topic><topic href="diagram_samples.html" data-id="topic_odm_byl_jjb" wh-toc-id="topic_odm_byl_jjb-d62e206"><title>Diagram Samples</title><topicmeta><resourceid class="- topic/resourceid " oxy-source="topic" appid="topic_odm_byl_jjb"></resourceid><navtitle class="- topic/navtitle ">Diagram Samples</navtitle><?ditaot gentext?><linktext class="- map/linktext ">Diagram Samples</linktext></topicmeta><topic href="relational_diagram.html" data-id="relational_diagram" wh-toc-id="relational_diagram-d62e214"><title>Relational Diagram</title><topicmeta><resourceid class="- topic/resourceid " oxy-source="topic" appid="relational_diagram"></resourceid><navtitle class="- topic/navtitle ">Relational Diagram</navtitle><?ditaot gentext?><linktext class="- map/linktext ">Relational Diagram</linktext></topicmeta></topic><topic href="document_workflow_diagram.html" data-id="document_workflow_diagram" wh-toc-id="document_workflow_diagram-d62e222"><title>Document Workflow Diagram</title><topicmeta><resourceid class="- topic/resourceid " oxy-source="topic" appid="document_workflow_diagram"></resourceid><navtitle class="- topic/navtitle ">Document Workflow Diagram</navtitle><?ditaot gentext?><linktext class="- map/linktext ">Document Workflow Diagram</linktext></topicmeta></topic><topic href="software_upgrade_by_environment_workflow.html" data-id="software_upgrade_by_environment_workflow" wh-toc-id="software_upgrade_by_environment_workflow-d62e230"><title>Software Upgrade by Environment Workflow</title><topicmeta><resourceid class="- topic/resourceid " oxy-source="topic" appid="software_upgrade_by_environment_workflow"></resourceid><navtitle class="- topic/navtitle ">Software Upgrade by Environment Workflow</navtitle><?ditaot gentext?><linktext class="- map/linktext ">Software Upgrade by Environment Workflow</linktext></topicmeta></topic></topic><topic href="style_guide_sample.html" data-id="topic_rbk_tkn_jjb" wh-toc-id="topic_rbk_tkn_jjb-d62e238"><title>Style Guide Sample</title><topicmeta><resourceid class="- topic/resourceid " oxy-source="topic" appid="topic_rbk_tkn_jjb"></resourceid><navtitle class="- topic/navtitle ">Style Guide Sample</navtitle><?ditaot gentext?><linktext class="- map/linktext ">Style Guide Sample</linktext></topicmeta></topic><topic href="localization_en.html" data-id="localization_english" wh-toc-id="localization_english-d62e246"><title>Localization</title><topicmeta><resourceid class="- topic/resourceid " oxy-source="topic" appid="localization_english"></resourceid><navtitle class="- topic/navtitle ">Localization</navtitle><?ditaot gentext?><linktext class="- map/linktext ">Localization</linktext></topicmeta></topic></topic></toc>